<?xml version="1.0" encoding="UTF-8"?>
<!DOCTYPE suite SYSTEM "http://testng.org/testng-1.0.dtd">
<suite name="Suite" parallel="tests" thread-count="10">
  <!-- <test thread-count="5" name="Test">
  <parameter name="browser" value="Chrome"></parameter>
    <classes>
      <class name="testscripts.Tc_Registered_Booking_01"/>
    </classes>
  </test> -->
  
  <!-- <test thread-count="5" name="Testing support page2">
  <parameter name="browser" value="Chrome"></parameter>
    <classes>
      <class name="testScripts.Tc_Support_01"/>
    </classes>
  </test>
  
  <test thread-count="5" name="Testing support page">
  <parameter name="browser" value="Firefox"></parameter>
    <classes>
      <class name="testScripts.Tc_Support_02"/>
    </classes>
  </test> -->
  
  <test thread-count="5" name="Testing support page 3">
  <parameter name="browser" value="ie"></parameter>
    <classes>
      <class name="testScripts.Tc_Support_02"/>
    </classes>
  </test>
  
  <!-- <test thread-count="5" name="Testing support page 4">
  <parameter name="browser" value="edge"></parameter>
    <classes>
      <class name="testScripts.Tc_Support_02"/>
    </classes>
  </test> -->
  
 <!--  <test thread-count="5" name="Testing support page 5">
  <parameter name="browser" value="opera"></parameter>
    <classes>
      <class name="testScripts.Tc_Support_02"/>
    </classes>
  </test> -->
</suite> <!-- Suite -->
